seq,start_x,start_y,end_x,end_y,job_code,start_seconds,end_seconds,pick_start_seconds,pick_end_seconds,accept_order,area_code,mandatory_assign,weight,volume
873,0.04783199999999965,-0.000797740999999963,0.11129580000000772,0.00808234299999988,order2787.0,21600,194400,21600,194400,Y,A,not_mandatory,300,300
1206,0.04464590000000612,-0.018412702000000003,0.020746200000004933,0.09926154200000004,order1051.0,39600,212400,39600,212400,Y,B,not_mandatory,200,200
1401,0.08008970000000204,0.011105440999999994,0.09285529999999653,0.011418251000000046,order448.0,46800,219600,46800,219600,Y,B,not_mandatory,300,300
405,0.049222700000001396,0.01465179399999994,0.08909970000000556,0.021079609000000055,order2147.0,3600,176400,3600,176400,Y,A,not_mandatory,300,300
973,0.10917039999999645,0.025030104000000053,-0.17031959999999913,0.011704576999999938,order3544.0,28800,201600,28800,201600,Y,A,not_mandatory,300,300
477,0.08573169999999664,0.008109820999999906,0.11197830000000408,0.014782348999999861,order1850.0,7200,180000,7200,180000,Y,A,not_mandatory,300,300
1217,-0.01119779999999082,0.019997021000000004,0.032032499999999686,0.07643310900000011,order981.0,39600,212400,39600,212400,Y,A,not_mandatory,300,300
535,0.08313150000000746,0.013022786999999925,-0.01350800000000163,-0.02112894600000015,order3460.0,7200,180000,7200,180000,Y,A,not_mandatory,300,300
863,0.11029820000000257,0.015801026999999968,0.04413250000000346,-0.020421900999999965,order3038.0,21600,194400,21600,194400,Y,B,not_mandatory,300,300
1298,0.025754399999996735,0.014779443999999975,0.03229470000000845,0.0033433189999998447,order1280.0,43200,216000,43200,216000,Y,B,not_mandatory,200,200
90,0.05382470000000694,0.013472337999999917,0.0005581000000063341,0.13344635299999985,order750.0,-10800,162000,-10800,162000,Y,A,not_mandatory,200,200
1059,-0.00843689999999242,0.02760629800000003,0.0402904000000035,0.07309567299999986,order1783.0,32400,205200,32400,205200,Y,A,not_mandatory,300,300
429,0.0629219000000063,0.018307536999999874,0.0953072000000077,0.035295955000000045,order2631.0,3600,176400,3600,176400,Y,A,not_mandatory,300,300
1305,0.04008609999999635,0.009378603000000041,0.0671516999999966,0.032633815000000066,order3231.0,43200,216000,43200,216000,Y,A,not_mandatory,300,300
40,0.0013119999999986476,0.020786006999999884,0.13047930000000463,0.01641336399999993,order891.0,-14400,158400,-14400,158400,Y,B,not_mandatory,200,200
1175,0.07393179999999688,0.03205270299999996,-0.0055562999999949625,0.011525849999999949,order1702.0,36000,208800,36000,208800,Y,B,not_mandatory,300,300
1071,0.024973400000007473,0.00231817099999998,0.06842530000000124,0.080822811,order3611.0,32400,205200,32400,205200,Y,A,not_mandatory,300,300
1202,0.052008700000001795,0.03448024699999985,0.04827860000000328,0.012558175999999976,order3.0,36000,208800,36000,208800,Y,B,not_mandatory,200,200
909,0.11089330000000075,0.012718023999999994,0.13384440000000097,0.029799847000000046,order776.0,25200,198000,25200,198000,Y,A,not_mandatory,300,300
33,-0.014631100000002562,-0.018226475999999936,0.0229227000000094,0.02440583899999993,order1076.0,-14400,158400,-14400,158400,Y,A,not_mandatory,300,300
1424,0.06681660000000988,0.02691558500000002,-0.026418899999995915,0.0422951669999998,order1100.0,46800,219600,46800,219600,Y,A,not_mandatory,200,200
1526,0.10965480000000127,0.020798727999999933,-0.011955299999996782,0.04394293800000004,order3927.0,54000,226800,54000,226800,Y,B,not_mandatory,200,200
1036,0.038640000000000896,0.002233017000000004,0.08352490000000046,0.043569427999999855,order912.0,28800,201600,28800,201600,Y,A,not_mandatory,200,200
1310,0.037436100000007855,0.022995608,0.056118900000001304,0.006965179999999904,order3955.0,43200,216000,43200,216000,Y,B,not_mandatory,200,200
1284,-0.02770169999999439,0.03584844399999998,0.03658420000000717,0.00826817599999985,order2521.0,39600,212400,39600,212400,Y,A,not_mandatory,200,200
772,0.10115290000000243,0.014149874000000118,0.021472600000009834,0.011848305999999864,order641.0,18000,190800,18000,190800,Y,A,not_mandatory,200,200
1624,0.05734580000000733,0.008264134999999895,0.16554890000000455,0.06157708499999992,order1560.0,57600,230400,57600,230400,Y,B,not_mandatory,200,200
631,0.044913800000003334,0.017409762999999856,0.05784359999999822,-0.002321357000000024,order3588.0,10800,183600,10800,183600,Y,A,not_mandatory,300,300
1515,0.012990099999996119,0.020045370999999923,0.04481140000000039,-0.016710957000000137,order650.0,50400,223200,50400,223200,Y,A,not_mandatory,300,300
327,0.07389750000000106,0.017646827999999948,0.03970410000000868,0.0036513009999998847,order859.0,0,172800,0,172800,Y,A,not_mandatory,300,300
823,0.09965950000000134,0.013991984000000013,-0.07987819999999601,0.04939210699999985,order3141.0,21600,194400,21600,194400,Y,A,not_mandatory,300,300
1335,0.0995094000000023,0.006589105999999845,0.008447799999999006,-0.006394342999999969,order1831.0,43200,216000,43200,216000,Y,A,not_mandatory,300,300
639,0.0912902000000031,0.002527680000000032,-0.04710559999999475,0.047299983000000045,order32.0,14400,187200,14400,187200,Y,A,not_mandatory,300,300
1115,-0.013925999999997885,0.039332394999999964,0.004321500000003198,0.034835897999999865,order1404.0,32400,205200,32400,205200,Y,A,not_mandatory,300,300
35,0.024664999999998827,0.015177365999999859,0.0881145000000032,0.08988769899999993,order1063.0,-14400,158400,-14400,158400,Y,A,not_mandatory,300,300
1256,0.008180500000008806,0.027867415999999867,0.030488099999999463,0.07518020700000005,order893.0,39600,212400,39600,212400,Y,A,not_mandatory,200,200
851,0.026383000000009815,0.01836780199999999,0.10975439999999992,0.009211858000000017,order3249.0,21600,194400,21600,194400,Y,B,not_mandatory,300,300
430,0.08404319999999643,0.0001776309999999004,0.02775599999999656,0.07408440500000002,order161.0,3600,176400,3600,176400,Y,A,not_mandatory,200,200
886,0.11393150000000674,0.02221962199999994,0.08347510000000113,0.04465794199999973,order1989.0,25200,198000,25200,198000,Y,A,not_mandatory,200,200
645,0.036298400000006836,-0.023169255,0.08103250000000628,0.031451262999999896,order2793.0,14400,187200,14400,187200,Y,A,not_mandatory,300,300
1326,0.11111600000000976,0.016045378000000055,0.0844739000000061,0.01581012699999995,order707.0,43200,216000,43200,216000,Y,A,not_mandatory,200,200
156,-0.011281900000000178,0.020648629999999946,0.10937280000000271,0.106211791,order1571.0,-7200,165600,-7200,165600,Y,A,not_mandatory,200,200
857,-0.03140999999999394,0.03409284199999996,0.08426620000000185,0.04348582099999998,order3982.0,21600,194400,21600,194400,Y,A,not_mandatory,300,300
671,0.08300350000000378,0.013509916000000066,-0.028210899999990602,0.07853337699999985,order420.0,14400,187200,14400,187200,Y,A,not_mandatory,300,300
484,-0.03691489999999931,0.00729812299999999,0.06518060000000503,0.028261992999999874,order3004.0,7200,180000,7200,180000,Y,A,not_mandatory,200,200
1551,0.10424740000000554,0.006696064000000002,0.03893990000000258,0.004224722000000014,order1788.0,54000,226800,54000,226800,Y,A,not_mandatory,300,300
1641,0.01275449999999978,-0.01842547299999997,-0.1010457999999943,0.041643465999999796,order3666.0,57600,230400,57600,230400,Y,A,not_mandatory,300,300
1428,0.007660000000001332,0.02306914399999993,0.032724700000002827,0.12579485499999987,order39.0,46800,219600,46800,219600,Y,A,not_mandatory,200,200
483,0.08112549999999885,0.011960167999999882,0.08290670000000944,0.014563887999999858,order1440.0,7200,180000,7200,180000,Y,A,not_mandatory,300,300
1040,0.09606120000000828,0.014433820000000042,0.11682960000000264,0.014751798000000038,order246.0,32400,205200,32400,205200,Y,B,not_mandatory,200,200
1066,0.113023400000003,0.01409268500000005,0.043284499999998616,0.06897079599999989,order3614.0,32400,205200,32400,205200,Y,B,not_mandatory,200,200
1517,0.05479770000000883,-0.009634134000000127,0.02939659999999833,0.06290454200000006,order1528.0,50400,223200,50400,223200,Y,A,not_mandatory,300,300
196,-0.009024799999991728,0.017391195999999942,0.12574850000000026,0.036630598999999986,order81.0,-7200,165600,-7200,165600,Y,A,not_mandatory,200,200
763,0.017953500000004396,0.028507944000000007,0.08247970000000748,0.06175044499999993,order3179.0,18000,190800,18000,190800,Y,A,not_mandatory,300,300
76,0.08009500000000003,0.01297939299999995,0.04515980000000752,0.12303228799999988,order79.0,-14400,158400,-14400,158400,Y,B,not_mandatory,200,200
1602,-0.030912599999993517,-0.004375715000000113,0.04364429999999686,0.02259537899999997,order3867.0,57600,230400,57600,230400,Y,A,not_mandatory,200,200
481,0.08747960000000887,0.01436855799999992,0.08315000000000339,0.056182025999999885,order1332.0,7200,180000,7200,180000,Y,A,not_mandatory,300,300
1072,0.060095000000004006,0.03168175900000003,0.04399829999999838,0.05141086599999989,order1707.0,32400,205200,32400,205200,Y,A,not_mandatory,200,200
921,0.006683400000000006,0.012957327999999935,0.08918780000000481,0.002820875000000056,order1291.0,25200,198000,25200,198000,Y,A,not_mandatory,300,300
1117,0.031008499999998662,-0.006545138000000117,0.06768250000000364,0.082186168,order3551.0,32400,205200,32400,205200,Y,A,not_mandatory,300,300
1079,0.07772250000000724,0.012145752999999981,0.14529489999999612,0.04740034599999987,order2684.0,32400,205200,32400,205200,Y,A,not_mandatory,300,300
623,0.07351090000000227,0.031276619999999866,0.07196810000000653,0.10832809200000004,order1170.0,10800,183600,10800,183600,Y,A,not_mandatory,300,300
1374,0.02622460000000615,0.017073050000000034,-0.11922470000000374,0.014675333999999873,order3661.0,46800,219600,46800,219600,Y,A,not_mandatory,200,200
601,0.020650400000008062,-0.04955955599999995,0.09917110000000662,0.006786273999999981,order3242.0,10800,183600,10800,183600,Y,A,not_mandatory,300,300
890,0.10383160000000657,0.007815428000000013,0.1198369000000099,0.014414702999999918,order1435.0,25200,198000,25200,198000,Y,A,not_mandatory,200,200
206,0.0795248000000015,0.01201272699999989,0.08387729999999749,0.0497699159999998,order1305.0,-7200,165600,-7200,165600,Y,A,not_mandatory,200,200
123,0.07799280000000408,0.012606201999999955,-0.11458480000000293,0.04763415099999979,order1774.0,-10800,162000,-10800,162000,Y,A,not_mandatory,300,300
1345,-0.0013655999999997448,0.023699506000000037,0.003161399999996206,0.017455221999999937,order2167.0,43200,216000,43200,216000,Y,A,not_mandatory,300,300
1368,0.043708300000005806,-0.016436453999999934,-0.025818899999990208,0.07190837099999992,order554.0,46800,219600,46800,219600,Y,A,not_mandatory,200,200
762,-0.00843209999999317,-0.020309401000000005,-0.00910000000000366,0.1418771299999999,order3669.0,18000,190800,18000,190800,Y,A,not_mandatory,200,200
1029,0.0103320999999994,0.02979694300000002,0.034272100000009686,0.0728224409999998,order3392.0,28800,201600,28800,201600,Y,A,not_mandatory,300,300
1012,0.03225190000000566,0.004097857999999954,0.006436099999987732,0.023358124999999896,order1281.0,28800,201600,28800,201600,Y,A,not_mandatory,200,200
499,0.04769120000000271,0.01354069499999988,-0.01146589999999037,-0.019462502000000104,order2105.0,7200,180000,7200,180000,Y,A,not_mandatory,300,300
869,0.09592279999999676,0.006669051000000037,0.07760980000000473,0.012505237999999919,order3554.0,21600,194400,21600,194400,Y,A,not_mandatory,300,300
362,0.05354719999999702,0.00786398399999988,-0.1517422999999951,0.02543487,order1787.0,0,172800,0,172800,Y,A,not_mandatory,200,200
1277,0.035855600000004983,-0.059322156999999986,0.04653849999999693,0.037420741000000035,order2860.0,39600,212400,39600,212400,Y,A,not_mandatory,300,300
93,0.00918699999999717,0.020986512999999984,-0.0046861000000006925,0.011004475000000014,order3068.0,-10800,162000,-10800,162000,Y,A,not_mandatory,300,300
239,0.0539568000000088,0.008144651999999919,0.0026718000000016673,0.023620814000000045,order1866.0,-3600,169200,-3600,169200,Y,A,not_mandatory,300,300
38,0.11233760000000359,0.02697859799999991,0.1612508000000048,0.044415522999999846,order3464.0,-14400,158400,-14400,158400,Y,A,not_mandatory,200,200
800,-0.036887699999994084,0.008056179999999857,0.04920080000000837,-0.01339554800000009,order1797.0,18000,190800,18000,190800,Y,B,not_mandatory,200,200
1552,0.04952309999998761,-0.013926313000000023,-0.10972879999999918,0.03747836999999987,order3573.0,54000,226800,54000,226800,Y,B,not_mandatory,200,200
1593,-0.009608299999996461,0.020963016000000056,0.17407550000000072,0.07952303399999994,order2758.0,54000,226800,54000,226800,Y,A,not_mandatory,300,300
1522,0.0181381000000016,0.018785826999999866,0.05526310000000478,0.0009017309999999057,order3908.0,54000,226800,54000,226800,Y,B,not_mandatory,200,200
1272,-0.03424489999999025,0.03486447399999992,0.14070379999999716,0.06606457099999985,order290.0,39600,212400,39600,212400,Y,A,not_mandatory,200,200
630,0.011602500000009286,0.03909021499999987,0.037658700000008594,-0.023275539999999983,order2619.0,10800,183600,10800,183600,Y,B,not_mandatory,200,200
1306,0.10375600000000418,0.03494151200000006,0.14370670000000985,0.0804163,order1369.0,43200,216000,43200,216000,Y,A,not_mandatory,200,200
586,0.1010446000000087,0.01103161500000005,-0.0916627999999946,0.04103410299999988,order121.0,10800,183600,10800,183600,Y,B,not_mandatory,200,200
1456,-0.005886699999990697,0.029496806000000042,0.012102100000006999,0.019718480999999954,order114.0,50400,223200,50400,223200,Y,A,not_mandatory,200,200
749,0.08191940000000386,0.02594654399999996,0.03465920000000722,0.0051202129999998736,order1215.0,18000,190800,18000,190800,Y,A,not_mandatory,300,300
1533,0.02707589999999982,-0.01387513500000015,0.0883625999999964,0.03173719399999997,order2377.0,54000,226800,54000,226800,Y,A,not_mandatory,300,300
1480,0.026361000000008517,0.017626205000000006,0.010052000000001726,0.01892427200000002,order1918.0,50400,223200,50400,223200,Y,A,not_mandatory,200,200
691,0.0019850999999988517,0.023673416000000058,0.039177899999998544,-0.05141967199999997,order1160.0,14400,187200,14400,187200,Y,A,not_mandatory,300,300
786,0.03801400000000399,0.02648222499999986,0.06155759999998622,0.05951846699999974,order955.0,18000,190800,18000,190800,Y,A,not_mandatory,200,200
1052,0.043774400000003766,-0.02248301499999994,-0.006878099999994447,0.028145432999999942,order1613.0,32400,205200,32400,205200,Y,A,not_mandatory,200,200
677,0.01984509999999773,0.036726963,0.10984320000000025,0.011702553999999976,order3687.0,14400,187200,14400,187200,Y,B,not_mandatory,300,300
837,0.06066630000000828,0.010828194999999985,0.12091619999999637,0.01203445000000003,order3406.0,21600,194400,21600,194400,Y,A,not_mandatory,300,300
782,-0.009229300000001217,0.01210662100000004,0.10634380000000476,0.002296555999999894,order935.0,18000,190800,18000,190800,Y,A,not_mandatory,200,200
711,0.027445100000008438,-0.013897464000000026,0.037798899999998525,-0.023247109000000155,order583.0,14400,187200,14400,187200,Y,A,not_mandatory,300,300
507,0.010050500000005513,0.02626591300000003,0.07543880000000058,0.059307973999999986,order946.0,7200,180000,7200,180000,Y,A,not_mandatory,300,300
926,0.10002309999998715,0.011255059999999872,0.07853910000000042,0.013672417999999853,order1327.0,25200,198000,25200,198000,Y,A,not_mandatory,200,200
617,0.027451200000001563,-0.010604028000000154,0.08364660000000868,0.013174607999999921,order872.0,10800,183600,10800,183600,Y,A,not_mandatory,300,300
1172,-0.007726300000001629,0.02637831199999985,0.04010030000000597,-0.058714713999999946,order3842.0,36000,208800,36000,208800,Y,A,not_mandatory,200,200
1382,0.07362750000000062,0.017163524999999957,0.05348250000000121,0.02471754199999987,order189.0,46800,219600,46800,219600,Y,B,not_mandatory,200,200
1479,-0.017020199999990382,0.017392784999999966,0.08986180000000843,0.06723448499999995,order1971.0,50400,223200,50400,223200,Y,B,not_mandatory,300,300
733,0.0436405000000093,-0.05212591100000008,-0.04221919999999102,0.06008034800000006,order3773.0,18000,190800,18000,190800,Y,A,not_mandatory,300,300
1135,-0.031091399999993996,0.036206446,0.07821069999999963,0.03389813899999994,order3465.0,36000,208800,36000,208800,Y,A,not_mandatory,300,300
721,0.005654599999999732,0.0038740409999999947,0.07028160000000128,0.04604791699999988,order2295.0,14400,187200,14400,187200,Y,A,not_mandatory,300,300
1039,0.06349850000000856,0.022309051999999996,0.12631640000000743,0.014797162999999891,order2602.0,32400,205200,32400,205200,Y,A,not_mandatory,300,300
288,0.009742000000002804,-0.013596498000000068,0.0636618999999996,0.06888824300000018,order3800.0,-3600,169200,-3600,169200,Y,B,not_mandatory,200,200
539,0.047091300000005276,-0.014113188000000054,0.13943570000000705,0.015908435999999915,order3627.0,7200,180000,7200,180000,Y,A,not_mandatory,300,300
308,0.04883460000000639,0.014979037999999889,0.044732699999997294,-0.022046635000000148,order913.0,-3600,169200,-3600,169200,Y,A,not_mandatory,200,200
438,0.10460290000000327,0.005947930000000046,0.005780799999996589,0.03500401199999992,order3104.0,3600,176400,3600,176400,Y,B,not_mandatory,200,200
1011,0.07789680000000487,0.03514720299999996,0.07065020000000288,0.018223190999999916,order1180.0,28800,201600,28800,201600,Y,A,not_mandatory,300,300
1265,0.0292194999999964,0.00951130499999997,-0.014147299999990537,0.03760111199999994,order503.0,39600,212400,39600,212400,Y,A,not_mandatory,300,300
1069,0.0007602999999960502,0.014148488000000015,-0.0021239000000008446,0.13700216999999992,order1723.0,32400,205200,32400,205200,Y,A,not_mandatory,300,300
1262,0.10765419999999892,0.02101333499999991,0.0040606999999965865,0.037101786999999886,order3768.0,39600,212400,39600,212400,Y,A,not_mandatory,200,200
1000,0.03702200000000744,0.008242500999999791,-0.02972799999999154,0.04380501300000006,order2152.0,28800,201600,28800,201600,Y,B,not_mandatory,200,200
627,0.004458700000000704,0.030429927999999995,0.053351000000006366,0.01315454599999999,order3335.0,10800,183600,10800,183600,Y,A,not_mandatory,300,300
402,0.08358390000000782,0.032170572999999925,-0.007393499999992059,0.02457365999999994,order2959.0,3600,176400,3600,176400,Y,A,not_mandatory,200,200
1311,0.05830840000000137,-0.017666639000000206,0.006827200000003586,0.011797209999999891,order3512.0,43200,216000,43200,216000,Y,A,not_mandatory,300,300
358,-0.006727699999999004,0.02751279299999987,-0.017903199999992125,0.013146174000000066,order3821.0,0,172800,0,172800,Y,A,not_mandatory,200,200
1302,0.10899969999999826,0.02503080499999988,0.0727011000000033,0.06192828199999978,order401.0,43200,216000,43200,216000,Y,A,not_mandatory,200,200
1494,-0.002354199999999196,0.02663245499999989,0.1599348999999961,0.04571937000000004,order2115.0,50400,223200,50400,223200,Y,A,not_mandatory,200,200
1237,0.0959715999999986,0.028258554999999852,0.11804170000000624,0.013027856999999976,order2668.0,39600,212400,39600,212400,Y,B,not_mandatory,300,300
1618,0.050619800000006876,0.0316900819999999,0.10164660000000936,0.03515957099999989,order151.0,57600,230400,57600,230400,Y,A,not_mandatory,200,200
1030,0.04303480000000093,-0.02173303400000015,0.029309800000007158,-0.01513921000000007,order3677.0,28800,201600,28800,201600,Y,A,not_mandatory,200,200
1606,-0.03442649999999503,0.03946830000000001,0.06778860000000009,0.06622205700000006,order1416.0,57600,230400,57600,230400,Y,B,not_mandatory,200,200
657,0.08907020000000898,0.014983726999999947,0.10157350000000065,0.00555665499999991,order2683.0,14400,187200,14400,187200,Y,B,not_mandatory,300,300
1626,0.10752960000000655,0.01854273800000006,0.004409400000000119,-0.007014757000000094,order2660.0,57600,230400,57600,230400,Y,B,not_mandatory,200,200
651,0.044781299999996804,-0.018189532000000064,0.05936959999999658,0.0012372419999999718,order2650.0,14400,187200,14400,187200,Y,A,not_mandatory,300,300
717,0.036025699999996164,-0.00017775100000005928,0.07805330000000765,0.018318637999999998,order2906.0,14400,187200,14400,187200,Y,A,not_mandatory,300,300
190,0.10420039999999631,0.015808363999999964,0.06706200000000706,0.044686253999999925,order2850.0,-7200,165600,-7200,165600,Y,A,not_mandatory,200,200
224,0.10923630000000628,0.024227962999999964,0.08423620000000653,0.04518790499999992,order27.0,-7200,165600,-7200,165600,Y,B,not_mandatory,200,200
492,-0.01032219999999029,0.03979177799999989,0.08319900000000757,0.06136482099999996,order2047.0,7200,180000,7200,180000,Y,A,not_mandatory,200,200
1122,0.06702119999999923,0.02776294299999993,0.10372050000000854,0.008388360999999955,order386.0,32400,205200,32400,205200,Y,B,not_mandatory,200,200
1145,-0.0021509999999977936,0.009489805999999934,0.10200940000000003,0.010648481999999904,order2095.0,36000,208800,36000,208800,Y,A,not_mandatory,300,300
1525,0.04653930000000628,-0.011156292999999984,0.09049860000000365,0.0005035609999999302,order3972.0,54000,226800,54000,226800,Y,A,not_mandatory,300,300
340,0.044302400000006514,-0.021558560000000115,0.055482699999998886,0.09016738699999993,order3132.0,0,172800,0,172800,Y,A,not_mandatory,200,200
1307,0.045400600000007785,-0.020551207000000016,0.13724080000000072,0.07896240499999996,order327.0,43200,216000,43200,216000,Y,A,not_mandatory,300,300
899,0.03927459999999883,0.003501055999999947,0.1065791000000047,0.09667788599999994,order1600.0,25200,198000,25200,198000,Y,B,not_mandatory,300,300
561,-0.0007063999999985526,0.001126986000000052,0.11512050000000329,0.024986430000000004,order2339.0,10800,183600,10800,183600,Y,A,not_mandatory,300,300
425,0.05233479999999702,0.006960278999999847,-0.04031700000000171,0.11702736000000002,order2788.0,3600,176400,3600,176400,Y,B,not_mandatory,300,300
1362,0.0672981999999962,0.027519155999999878,0.047633400000009374,-0.0195744550000001,order1817.0,43200,216000,43200,216000,Y,B,not_mandatory,200,200
881,0.10259949999999662,0.0038177709999998033,-0.019831400000001054,-0.005478533000000008,order553.0,25200,198000,25200,198000,Y,A,not_mandatory,300,300
185,0.11002899999999727,0.011922264999999932,0.09001050000000532,0.016083083000000054,order2284.0,-7200,165600,-7200,165600,Y,A,not_mandatory,300,300
686,0.10097369999999728,0.013286259999999883,-0.15680410000000222,0.023328004999999985,order1297.0,14400,187200,14400,187200,Y,B,not_mandatory,200,200
554,0.0931884000000025,0.010981641999999958,0.07994630000000313,0.08456386399999993,order1577.0,10800,183600,10800,183600,Y,A,not_mandatory,200,200
150,0.09913720000000126,0.008035283999999976,0.07032270000000551,0.06437703900000002,order3186.0,-10800,162000,-10800,162000,Y,B,not_mandatory,200,200
1114,0.04435870000000364,-0.016991680000000065,0.0967073000000056,-0.0006937760000000903,order2523.0,32400,205200,32400,205200,Y,A,not_mandatory,200,200
319,0.08121739999999988,0.032049677999999915,0.06118419999999958,0.011669076999999861,order1945.0,-3600,169200,-3600,169200,Y,B,not_mandatory,300,300
176,0.014674200000001747,-0.013166720000000076,0.06390670000000398,0.06341123800000004,order3893.0,-7200,165600,-7200,165600,Y,A,not_mandatory,200,200
1461,0.043374299999996424,-0.004193035000000123,0.038318700000004924,0.02253319500000006,order59.0,50400,223200,50400,223200,Y,B,not_mandatory,300,300
1164,-0.0014041000000020176,0.009928796999999934,0.06228480000000047,0.060750042999999865,order2008.0,36000,208800,36000,208800,Y,B,not_mandatory,200,200
506,0.09505870000000982,0.005520688000000051,0.0927941000000061,0.055812825000000066,order2213.0,7200,180000,7200,180000,Y,B,not_mandatory,200,200
385,0.09878790000000492,0.00918351999999989,0.13142650000000344,0.013465609999999906,order1578.0,0,172800,0,172800,Y,A,not_mandatory,300,300
1591,0.09092170000000976,0.015026932999999909,0.0690806000000066,0.058894369999999974,order366.0,54000,226800,54000,226800,Y,A,not_mandatory,300,300
452,0.056252299999997035,0.006516901999999991,0.034976400000005015,0.06137067199999979,order3367.0,3600,176400,3600,176400,Y,A,not_mandatory,200,200
887,-0.0070972000000040225,0.02125718200000004,0.03181709999999782,0.07770463800000016,order1990.0,25200,198000,25200,198000,Y,A,not_mandatory,300,300
134,0.10754450000000304,0.018886295999999803,0.04287980000000857,0.049866328000000015,order3581.0,-10800,162000,-10800,162000,Y,A,not_mandatory,200,200
1138,-0.014598899999995751,0.014169429999999927,0.15543230000000108,0.039261427999999876,order3128.0,36000,208800,36000,208800,Y,B,not_mandatory,200,200
834,0.053898000000003776,0.009455232999999952,0.09780519999999626,0.10515419800000014,order2313.0,21600,194400,21600,194400,Y,A,not_mandatory,200,200
372,0.10766750000000513,0.021682315000000063,-0.06324580000000424,0.04137215299999997,order655.0,0,172800,0,172800,Y,A,not_mandatory,200,200
621,0.06016150000000664,0.01180694800000004,0.0005838000000011334,0.01616972299999997,order897.0,10800,183600,10800,183600,Y,A,not_mandatory,300,300
1143,-0.029020199999990837,0.03542354000000003,0.041999500000002854,0.128661503,order2056.0,36000,208800,36000,208800,Y,A,not_mandatory,300,300
709,0.04188270000000216,-0.01945277600000006,0.018783200000001443,-0.04820884600000008,order565.0,14400,187200,14400,187200,Y,B,not_mandatory,300,300
24,0.05754869999999812,0.01533469799999998,0.1547163999999981,0.02358760400000004,order2086.0,-14400,158400,-14400,158400,Y,A,not_mandatory,200,200
386,0.04653700000000072,-0.017638244000000025,0.06124210000000119,0.0014185609999999294,order2293.0,0,172800,0,172800,Y,A,not_mandatory,200,200
1037,0.04337870000000521,0.022129668000000047,0.08184520000000362,0.012538549999999926,order3858.0,32400,205200,32400,205200,Y,A,not_mandatory,300,300
1632,0.10912460000000124,0.012987885000000032,0.13811150000000794,0.016992922999999882,order2790.0,57600,230400,57600,230400,Y,B,not_mandatory,200,200
291,0.0814983000000069,0.014227164000000014,0.05850569999999777,-0.016441279000000142,order3485.0,-3600,169200,-3600,169200,Y,B,not_mandatory,300,300
1081,0.054025400000000445,0.015531986000000053,0.0002706000000074482,0.027119388999999883,order3006.0,32400,205200,32400,205200,Y,A,not_mandatory,300,300
1034,0.11383010000000127,0.027468194000000112,0.15212890000000812,0.019563639999999882,order1362.0,28800,201600,28800,201600,Y,B,not_mandatory,200,200
1330,0.1088763000000057,0.008545507999999868,0.08276949999999772,0.05698807299999986,order781.0,43200,216000,43200,216000,Y,B,not_mandatory,200,200
990,0.11269450000000347,0.02705331599999994,0.15492260000000613,0.020101822999999852,order979.0,28800,201600,28800,201600,Y,A,not_mandatory,200,200
172,0.07814790000000471,0.012829380999999973,-0.04369450000000086,0.013562359999999885,order743.0,-7200,165600,-7200,165600,Y,A,not_mandatory,200,200
1019,0.10844330000000468,0.029115825999999956,-0.13639650000000358,0.016314779,order3812.0,28800,201600,28800,201600,Y,A,not_mandatory,300,300
1417,0.1132743000000005,0.033902029000000056,0.06579250000000059,0.06671596899999988,order1225.0,46800,219600,46800,219600,Y,A,not_mandatory,300,300
523,-0.013095199999995089,0.01985667599999985,0.061417500000004566,0.08792772599999998,order812.0,7200,180000,7200,180000,Y,A,not_mandatory,300,300
1569,-0.009970499999994331,0.028267902999999928,0.008449100000007093,0.017342234999999873,order2953.0,54000,226800,54000,226800,Y,B,not_mandatory,300,300
1638,0.040308600000003025,0.019581483999999927,0.15025959999999827,0.02178625700000003,order2934.0,57600,230400,57600,230400,Y,A,not_mandatory,200,200
714,0.013513599999996018,-0.029015345999999997,0.09666889999999739,0.021473923999999922,order3164.0,14400,187200,14400,187200,Y,A,not_mandatory,200,200
1464,0.04842240000000686,-0.018297059000000004,0.07681230000000028,0.06179672599999986,order1353.0,50400,223200,50400,223200,Y,B,not_mandatory,200,200
564,0.04300130000000024,0.011695822999999939,0.16618540000000337,0.06269294800000003,order3784.0,10800,183600,10800,183600,Y,A,not_mandatory,200,200
1049,0.09446169999999654,0.005208113999999986,0.04600670000000662,-0.02343170799999994,order1531.0,32400,205200,32400,205200,Y,B,not_mandatory,300,300
2,-0.03647309999999493,0.007392920000000025,0.12117070000000751,0.009932810000000014,order3547.0,-14400,158400,-14400,158400,Y,A,not_mandatory,200,200
692,0.0446632999999963,-0.016975764000000115,-0.02997859999999264,0.035097865000000006,order3271.0,14400,187200,14400,187200,Y,A,not_mandatory,200,200
1540,0.0668751000000043,0.027008885999999954,0.09167840000000638,0.012231208999999854,order585.0,54000,226800,54000,226800,Y,A,not_mandatory,200,200
658,0.10077669999999728,0.015455773999999867,-0.1688563999999957,-0.02660204799999999,order1651.0,14400,187200,14400,187200,Y,A,not_mandatory,200,200
1141,0.02915000000000134,-0.0034508570000000294,0.07294070000000374,0.059228156999999726,order1853.0,36000,208800,36000,208800,Y,A,not_mandatory,300,300
1625,0.07878440000000353,0.014187220999999806,0.10102249999999913,0.008784997999999877,order3727.0,57600,230400,57600,230400,Y,A,not_mandatory,300,300
496,0.08382860000000392,-0.0008188829999999925,-0.10245249999999828,0.051612355000000054,order1027.0,7200,180000,7200,180000,Y,B,not_mandatory,200,200
1155,0.0607011999999969,0.0013347150000000418,0.1057188999999994,0.02237184400000003,order3933.0,36000,208800,36000,208800,Y,A,not_mandatory,300,300
944,0.058394399999997404,0.010451717999999888,0.09041960000000415,0.011413445999999938,order3244.0,25200,198000,25200,198000,Y,B,not_mandatory,200,200
644,0.03968640000000789,0.019201153000000026,0.14316050000000757,0.03233829899999985,order1722.0,14400,187200,14400,187200,Y,A,not_mandatory,200,200
828,0.04602710000000343,0.012633789999999978,0.02997489999999914,-0.02344323199999998,order2342.0,21600,194400,21600,194400,Y,A,not_mandatory,200,200
982,-0.009069600000003675,0.021899466000000034,0.08727830000000836,0.013346764000000011,order233.0,28800,201600,28800,201600,Y,A,not_mandatory,200,200
1200,0.07155570000000466,0.03158747099999992,0.07287430000000938,0.07301318400000012,order2536.0,36000,208800,36000,208800,Y,A,not_mandatory,200,200
301,0.037431900000001406,0.004774349999999927,0.06447760000000358,0.0863978219999999,order1537.0,-3600,169200,-3600,169200,Y,B,not_mandatory,300,300
963,0.011862899999997012,0.01947984199999997,0.04761240000000555,0.11806731599999987,order349.0,28800,201600,28800,201600,Y,A,not_mandatory,300,300
957,0.1029201999999998,0.01436503999999994,0.03954910000000211,0.07416445399999994,order592.0,28800,201600,28800,201600,Y,B,not_mandatory,300,300
901,0.058706900000004225,0.0013577169999998695,0.17089529999999797,0.06140952699999991,order3411.0,25200,198000,25200,198000,Y,A,not_mandatory,300,300
935,-0.0204322000000019,0.014750089999999938,0.04063870000000236,-0.0030220499999999983,order1191.0,25200,198000,25200,198000,Y,A,not_mandatory,300,300
1097,0.006544400000009887,0.019543514999999845,0.12150019999999984,0.009885283000000022,order3387.0,32400,205200,32400,205200,Y,A,not_mandatory,300,300
792,-0.015005799999997294,-0.017948426000000017,0.061140899999998055,0.08488672399999997,order1575.0,18000,190800,18000,190800,Y,A,not_mandatory,200,200
934,0.07366199999999878,0.017169097000000022,0.07331840000000511,0.06325735300000002,order2814.0,25200,198000,25200,198000,Y,A,not_mandatory,200,200
1279,-0.001936099999994667,0.0049120649999998545,-0.17021880000000067,0.018526778999999882,order582.0,39600,212400,39600,212400,Y,B,not_mandatory,300,300
1341,0.041671800000003145,0.016400355999999894,0.07368230000000153,0.084681024,order2094.0,43200,216000,43200,216000,Y,A,not_mandatory,300,300
1191,0.10495769999999993,0.007134962999999939,0.10639890000000207,0.008339453000000052,order2572.0,36000,208800,36000,208800,Y,A,not_mandatory,300,300
183,0.058774999999997135,0.0014628679999999505,-0.0031683999999927437,0.017216608000000022,order1957.0,-7200,165600,-7200,165600,Y,A,not_mandatory,300,300
375,0.10672290000000828,0.02972113300000001,0.09855939999999919,0.02271641599999996,order675.0,0,172800,0,172800,Y,A,not_mandatory,300,300
323,0.10586930000000905,0.010888891999999872,0.08047480000000462,0.044594940999999944,order3339.0,0,172800,0,172800,Y,B,not_mandatory,300,300
1519,0.10793940000000646,0.02484732299999992,0.12092470000000333,0.014193270999999896,order3665.0,54000,226800,54000,226800,Y,A,not_mandatory,300,300
1510,0.10380059999999958,0.013273432999999946,0.08666530000000705,0.002630166999999961,order561.0,50400,223200,50400,223200,Y,A,not_mandatory,200,200
611,-0.004368299999995884,0.011046185999999958,-0.028902399999992667,0.04213663200000006,order2983.0,10800,183600,10800,183600,Y,A,not_mandatory,300,300
1661,0.09573360000000264,0.0087760429999999,-0.04088509999999701,0.018461064999999888,order1943.0,57600,230400,57600,230400,Y,B,not_mandatory,300,300
1025,-0.0008294000000148571,0.009729812999999865,0.07739730000000122,0.010674293999999973,order949.0,28800,201600,28800,201600,Y,A,not_mandatory,300,300
519,-0.036949899999996205,0.008046553999999873,0.04029030000000944,-0.00719812200000014,order217.0,7200,180000,7200,180000,Y,B,not_mandatory,300,300
347,0.08422850000000892,0.0001645909999998807,0.030354200000004994,0.0836610809999998,order3562.0,0,172800,0,172800,Y,A,not_mandatory,300,300
888,0.11187610000000348,0.014143855999999788,-0.03135559999999771,0.06037750799999997,order943.0,25200,198000,25200,198000,Y,B,not_mandatory,200,200
544,0.035956499999997504,-0.023818429000000085,0.03193760000000623,0.07630126400000004,order2498.0,10800,183600,10800,183600,Y,A,not_mandatory,200,200
1171,0.007765800000001377,0.02376019599999979,0.055618000000009715,0.008919984999999908,order1275.0,36000,208800,36000,208800,Y,B,not_mandatory,300,300
1444,0.052360700000008364,0.009232900999999849,0.06509619999999927,0.06836622599999997,order3638.0,50400,223200,50400,223200,Y,A,not_mandatory,200,200
1156,0.09352610000000539,0.004293210999999797,-0.10122280000000217,0.04241399300000004,order518.0,36000,208800,36000,208800,Y,B,not_mandatory,200,200
986,-0.014279199999990055,0.024912948999999962,0.08046690000001888,0.031346627999999876,order3111.0,28800,201600,28800,201600,Y,A,not_mandatory,200,200
126,-0.027533699999992223,0.034458716000000056,-0.09353910000000099,0.039830158000000004,order2786.0,-10800,162000,-10800,162000,Y,A,not_mandatory,200,200
338,0.1004523000000006,0.015913544999999862,-0.10452859999999475,0.046886273000000145,order496.0,0,172800,0,172800,Y,A,not_mandatory,200,200
1157,0.00019149999999967804,-0.017163550000000027,0.08299379999999701,0.06691696899999999,order517.0,36000,208800,36000,208800,Y,A,not_mandatory,300,300
568,0.05603930000000901,0.008948159999999872,0.04144850000000133,0.025364063000000048,order2265.0,10800,183600,10800,183600,Y,A,not_mandatory,200,200
730,-0.016414799999992624,-0.016544351000000068,0.04954480000000672,-0.013538728999999972,order2724.0,18000,190800,18000,190800,Y,B,not_mandatory,200,200
1388,0.023363900000006765,0.022900831999999927,0.02933219999999892,0.07943943300000011,order3273.0,46800,219600,46800,219600,Y,A,not_mandatory,200,200
1058,-0.033132899999998244,0.011569935999999892,-0.008967799999993531,0.032723080999999876,order34.0,32400,205200,32400,205200,Y,A,not_mandatory,200,200
136,0.1100325999999967,0.018897960999999963,0.10645990000000438,0.006741969000000125,order196.0,-10800,162000,-10800,162000,Y,A,not_mandatory,200,200
284,0.07752670000000705,0.013588272999999873,0.0431494999999984,0.026288257000000037,order2430.0,-3600,169200,-3600,169200,Y,A,not_mandatory,200,200
914,0.05554190000000858,0.008967259999999921,-0.02054329999999993,-0.010096942000000109,order556.0,25200,198000,25200,198000,Y,B,not_mandatory,200,200
759,0.04844479999999862,-0.01709726300000014,-0.04503400000000113,0.022156226999999973,order297.0,18000,190800,18000,190800,Y,A,not_mandatory,300,300
73,0.05145629999999812,-0.0019209019999999466,0.07550489999999854,0.027663758999999954,order2169.0,-14400,158400,-14400,158400,Y,A,not_mandatory,300,300
575,0.051156599999998775,0.008095881999999888,0.054258799999999496,0.07537429099999993,order2506.0,10800,183600,10800,183600,Y,A,not_mandatory,300,300
1573,0.10222339999999974,0.006680853999999847,-0.1705175999999966,0.018262835000000033,order116.0,54000,226800,54000,226800,Y,A,not_mandatory,300,300
981,0.10154080000000931,0.013364873,0.05669650000000104,0.009227512000000049,order2504.0,28800,201600,28800,201600,Y,A,not_mandatory,300,300
555,-0.003211499999991929,0.025536302999999982,-0.013076099999992152,-0.019382159000000065,order3737.0,10800,183600,10800,183600,Y,A,not_mandatory,300,300
965,0.03668360000000348,0.018841863999999875,0.06403389999999831,0.06915657799999986,order576.0,28800,201600,28800,201600,Y,B,not_mandatory,300,300
515,0.06886380000000258,0.014466446999999993,0.06392820000000654,0.08306261699999973,order3563.0,7200,180000,7200,180000,Y,A,not_mandatory,300,300
1599,0.10318709999999953,0.01608451199999994,0.10271860000000288,0.008678122000000066,order342.0,54000,226800,54000,226800,Y,A,not_mandatory,300,300
516,0.09439299999999662,0.009064828999999941,0.07660700000000986,0.057673187999999875,order3647.0,7200,180000,7200,180000,Y,A,not_mandatory,200,200
1281,0.06041659999999638,0.012577653999999994,0.024360299999997892,-0.015412871999999966,order2976.0,39600,212400,39600,212400,Y,A,not_mandatory,300,300
1615,-0.023639899999992053,-0.011302515999999985,-0.034010499999993726,0.07979604100000004,order209.0,57600,230400,57600,230400,Y,A,not_mandatory,300,300
1647,0.019846900000004553,-0.004304593000000079,0.033095900000006395,0.061721439000000045,order2555.0,57600,230400,57600,230400,Y,A,not_mandatory,300,300
674,-0.03136969999999906,-0.005898527000000042,0.10000320000000329,0.015278861999999949,order2231.0,14400,187200,14400,187200,Y,A,not_mandatory,200,200
882,-0.0005242999999950371,-0.02364972200000004,0.09015310000000909,0.08807961500000006,order1258.0,25200,198000,25200,198000,Y,A,not_mandatory,200,200
1043,0.07740590000000225,0.031687062000000044,0.05950520000000381,0.08589706699999988,order1467.0,32400,205200,32400,205200,Y,A,not_mandatory,300,300
628,0.05882909999999697,0.009955629999999882,0.07857769999999675,0.06676071800000005,order3334.0,10800,183600,10800,183600,Y,A,not_mandatory,200,200
1563,0.10228980000000831,0.016157361999999953,0.1492022999999989,0.024375814999999967,order836.0,54000,226800,54000,226800,Y,A,not_mandatory,300,300
1550,0.06326769999999726,0.022416771000000058,-0.041413599999998496,0.05889193700000006,order1769.0,54000,226800,54000,226800,Y,A,not_mandatory,200,200
1020,0.0418225000000092,-0.005834029000000074,0.023692100000005212,-0.005172367000000122,order2338.0,28800,201600,28800,201600,Y,A,not_mandatory,200,200
89,0.08540580000000375,0.03299154599999987,0.1753756000000095,0.059288473000000064,order330.0,-10800,162000,-10800,162000,Y,A,not_mandatory,300,300
1505,0.008729700000003504,-0.01851340800000001,0.03848340000000405,0.072804168,order430.0,50400,223200,50400,223200,Y,A,not_mandatory,300,300
1010,0.0875517000000059,0.014385799999999893,0.005315899999999374,0.033931657999999976,order1159.0,28800,201600,28800,201600,Y,B,not_mandatory,200,200
725,0.09851590000000954,0.012446168999999951,0.07287589999999966,0.01077389800000006,order2392.0,18000,190800,18000,190800,Y,A,not_mandatory,300,300
265,0.038507199999997965,-0.008115689000000037,0.12866580000000738,0.01646724799999988,order3803.0,-3600,169200,-3600,169200,Y,A,not_mandatory,300,300
1124,0.04915780000000325,0.013865251999999995,-0.033854500000003895,0.043666925999999995,order3499.0,32400,205200,32400,205200,Y,A,not_mandatory,200,200
98,0.03804449999999804,0.0266142949999999,0.10740599999999745,0.028702848000000003,order462.0,-10800,162000,-10800,162000,Y,A,not_mandatory,200,200
1477,-0.027032599999998297,0.02341137999999998,0.04363329999999621,0.012147464999999968,order903.0,50400,223200,50400,223200,Y,A,not_mandatory,300,300
400,0.07238790000000961,0.01569112000000006,-0.032418399999997405,-0.006257979000000136,order3272.0,3600,176400,3600,176400,Y,A,not_mandatory,200,200
1251,-0.035792099999994775,0.0075258270000000405,0.17106320000000608,0.06403538699999989,order3814.0,39600,212400,39600,212400,Y,B,not_mandatory,300,300
1512,0.04533130000000085,-0.018617459000000114,0.03926219999999603,0.0851278499999999,order616.0,50400,223200,50400,223200,Y,A,not_mandatory,200,200
995,0.10826350000000673,0.025345699000000055,-0.002812699999992674,-0.023954814000000102,order1016.0,28800,201600,28800,201600,Y,A,not_mandatory,300,300
596,0.005429300000002968,0.02877937899999994,0.02557310000000257,0.14070382199999987,order3276.0,10800,183600,10800,183600,Y,B,not_mandatory,200,200
1387,0.10931879999999694,0.027927456999999878,-0.052847200000002204,0.077420971,order1352.0,46800,219600,46800,219600,Y,A,not_mandatory,300,300
1317,0.043319500000009725,0.0182332409999999,-0.0016236000000020567,0.024993602999999975,order1104.0,43200,216000,43200,216000,Y,A,not_mandatory,300,300
626,0.04411810000000571,0.012063481999999848,-0.16616840000000366,0.017467220999999977,order3076.0,10800,183600,10800,183600,Y,A,not_mandatory,200,200
701,0.04622090000000867,-0.01540544300000013,0.03489150000000052,0.05496164400000003,order2443.0,14400,187200,14400,187200,Y,A,not_mandatory,300,300
1449,0.08390680000000827,0.03183579499999989,0.04968739999999627,0.022964443999999862,order149.0,50400,223200,50400,223200,Y,A,not_mandatory,300,300
503,-0.0018460000000004584,0.026802747999999932,0.007163599999998382,0.16488885099999995,order2543.0,7200,180000,7200,180000,Y,A,not_mandatory,300,300
112,0.05335340000000599,0.02152151899999999,0.06616999999999962,0.014920547000000006,order2428.0,-10800,162000,-10800,162000,Y,A,not_mandatory,200,200
475,0.005651600000007306,0.028633085000000058,0.04300639999999589,-0.01683781200000012,order2099.0,7200,180000,7200,180000,Y,A,not_mandatory,300,300
363,0.047320100000007415,-0.019514800000000054,0.06953430000000083,0.05479953800000015,order1793.0,0,172800,0,172800,Y,B,not_mandatory,300,300
1340,-0.007178199999998469,0.022559364999999998,-0.04172869999999307,0.11652963599999988,order2038.0,43200,216000,43200,216000,Y,A,not_mandatory,200,200
1502,0.02083820000000003,0.023019415000000043,0.13255770000000666,0.022310738000000052,order413.0,50400,223200,50400,223200,Y,B,not_mandatory,200,200
1209,0.027590200000005893,-0.010665491999999999,0.032043500000000336,0.07499560299999986,order3294.0,39600,212400,39600,212400,Y,A,not_mandatory,300,300
1121,0.10734720000000664,0.004846852000000013,0.03986100000000192,-0.004282947000000092,order2104.0,32400,205200,32400,205200,Y,A,not_mandatory,300,300
1177,0.005677399999996169,0.015163519000000125,0.017666700000006585,0.10325196999999986,order1183.0,36000,208800,36000,208800,Y,A,not_mandatory,300,300
1250,-0.034243799999998714,0.037881926000000066,-0.012357699999995475,0.015437020999999884,order882.0,39600,212400,39600,212400,Y,A,not_mandatory,200,200
1520,-0.030512099999995712,0.03533695399999992,0.04930439999999692,-0.013042741000000024,order3743.0,54000,226800,54000,226800,Y,B,not_mandatory,200,200
1361,0.07506790000000763,0.02863938899999985,0.09479770000000087,-0.00039929999999999133,order2204.0,43200,216000,43200,216000,Y,A,not_mandatory,300,300
1566,0.09644760000000474,0.002784577999999982,-0.003873799999993821,0.02688633699999987,order2574.0,54000,226800,54000,226800,Y,A,not_mandatory,200,200
678,0.11106820000000539,0.022611514999999915,0.05433910000000708,0.009679212999999853,order3178.0,14400,187200,14400,187200,Y,A,not_mandatory,200,200
1472,-0.00955739999999139,-0.020272983000000133,0.08754059999999697,0.015839159999999852,order3385.0,50400,223200,50400,223200,Y,A,not_mandatory,200,200
175,0.03746309999999653,0.023816453999999876,0.0656323000000043,0.04779222800000005,order751.0,-7200,165600,-7200,165600,Y,A,not_mandatory,300,300
174,-0.00030239999999537304,0.0327716549999999,0.1077379000000036,0.005804582999999974,order2391.0,-7200,165600,-7200,165600,Y,B,not_mandatory,200,200
335,0.04874060000000213,0.013093935999999973,-0.04628259999999784,0.13614106700000006,order1372.0,0,172800,0,172800,Y,B,not_mandatory,300,300
476,0.027705800000006775,-0.003210584000000072,-0.05284629999999879,0.0814312399999999,order1378.0,7200,180000,7200,180000,Y,A,not_mandatory,200,200
368,0.03137030000000607,0.01199302499999999,0.08020480000000418,0.007907627000000028,order163.0,0,172800,0,172800,Y,A,not_mandatory,200,200
39,0.0983542999999969,0.011598634999999913,0.04194789999999671,0.047906784000000036,order416.0,-14400,158400,-14400,158400,Y,B,not_mandatory,300,300
330,0.053882999999999015,0.013778252999999907,0.14535530000000563,0.08172354800000003,order983.0,0,172800,0,172800,Y,A,not_mandatory,200,200
1564,0.08457660000000544,0.012444812999999888,-0.03725939999999639,0.014020576000000062,order835.0,54000,226800,54000,226800,Y,A,not_mandatory,200,200
980,-0.015315299999997478,-0.01681545200000012,0.11607790000000762,0.025711902000000064,order3943.0,28800,201600,28800,201600,Y,B,not_mandatory,200,200
574,0.10596840000000896,0.013937207999999979,0.10969350000000588,0.017560027999999894,order2353.0,10800,183600,10800,183600,Y,A,not_mandatory,200,200
1103,0.04475829999999803,-0.017624384999999965,-0.0386247999999938,0.008727954999999898,order2366.0,32400,205200,32400,205200,Y,A,not_mandatory,300,300
1511,0.04275990000000718,0.010858000999999895,0.14712140000000318,0.05500406999999985,order2179.0,50400,223200,50400,223200,Y,A,not_mandatory,300,300
848,-0.00157849999999371,0.00860958799999989,0.006684899999996219,0.028392317,order885.0,21600,194400,21600,194400,Y,A,not_mandatory,200,200
948,-0.005184999999997331,0.021684676999999875,-0.050318899999993505,0.12271655000000004,order2168.0,25200,198000,25200,198000,Y,B,not_mandatory,200,200
460,0.07733459999998615,0.012473221000000034,0.06042290000000605,0.06351113399999986,order807.0,3600,176400,3600,176400,Y,A,not_mandatory,200,200
939,0.056377200000000016,0.009623018999999955,0.06757000000000346,0.06870728199999987,order3227.0,25200,198000,25200,198000,Y,A,not_mandatory,300,300
1234,0.053741200000004596,0.015525432000000006,-0.00787919999999076,0.02620921399999987,order3636.0,39600,212400,39600,212400,Y,A,not_mandatory,200,200
1203,0.01788890000000265,0.0016570039999999064,0.07960130000000731,0.03224134200000006,order335.0,36000,208800,36000,208800,Y,A,not_mandatory,300,300
49,0.03649070000000165,-0.022998354000000054,0.02678430000000276,-0.014327680000000065,order3650.0,-14400,158400,-14400,158400,Y,A,not_mandatory,300,300
365,0.05833520000000192,0.0015073420000000226,0.10103970000000118,0.03574422300000002,order3075.0,0,172800,0,172800,Y,A,not_mandatory,300,300
1546,0.082738599999999,0.012900201999999972,0.06395609999999863,0.08144747500000005,order1751.0,54000,226800,54000,226800,Y,A,not_mandatory,200,200
866,0.09445350000000019,-0.0005458690000001987,0.018727600000005395,0.1495448559999999,order175.0,21600,194400,21600,194400,Y,A,not_mandatory,200,200
1314,0.010887500000009709,-0.028591167000000084,-0.17258739999999761,0.001051734999999887,order3308.0,43200,216000,43200,216000,Y,B,not_mandatory,200,200
1231,0.04587310000000855,-0.017102653000000023,0.05330990000000213,0.024136248000000027,order1450.0,39600,212400,39600,212400,Y,A,not_mandatory,300,300
379,-0.02997609999999895,0.034782018000000026,0.02164940000000115,0.15058879800000002,order1515.0,0,172800,0,172800,Y,B,not_mandatory,300,300
831,0.07638149999999655,0.012174169999999984,-0.035901400000000194,0.008592460000000024,order595.0,21600,194400,21600,194400,Y,A,not_mandatory,300,300
1532,0.08353940000000648,0.03166003099999992,0.14944719999999734,0.03252195999999996,order2310.0,54000,226800,54000,226800,Y,B,not_mandatory,200,200
501,0.03050860000000455,-0.017713697000000028,0.009557999999998401,0.030475376999999915,order601.0,7200,180000,7200,180000,Y,A,not_mandatory,300,300
916,-0.03001030000000071,0.0354778979999999,-0.028350799999998344,-0.007706895999999963,order745.0,25200,198000,25200,198000,Y,B,not_mandatory,200,200
1542,0.04311649999999645,-0.022443038000000026,0.12897320000000434,0.014315022999999982,order2530.0,54000,226800,54000,226800,Y,A,not_mandatory,200,200
1571,0.021027700000004756,-0.04740341199999998,0.11710730000000069,0.014949184000000004,order2978.0,54000,226800,54000,226800,Y,A,not_mandatory,300,300
1091,0.10379389999999944,0.011702003999999988,-0.04932730000000163,0.06353416899999997,order2432.0,32400,205200,32400,205200,Y,A,not_mandatory,300,300
154,0.04433600000000126,-0.017031711000000005,0.05998669999999606,0.08286414399999997,order1142.0,-10800,162000,-10800,162000,Y,A,not_mandatory,200,200
1169,0.10352460000000008,0.03692436499999996,0.03853110000000015,0.05313487099999992,order1294.0,36000,208800,36000,208800,Y,B,not_mandatory,300,300
237,0.10730309999999577,0.008146686999999986,0.07532170000000349,0.05834823899999986,order3488.0,-7200,165600,-7200,165600,Y,B,not_mandatory,300,300
21,0.054904600000000414,0.010040841999999994,-0.027582299999991733,0.0371126009999998,order684.0,-14400,158400,-14400,158400,Y,A,not_mandatory,300,300
922,0.06857200000000319,0.014324899000000002,0.02788870000000543,0.07564058599999979,order2139.0,25200,198000,25200,198000,Y,A,not_mandatory,200,200
444,0.007565999999997075,0.03028342499999992,0.056072000000000344,0.007997875999999904,order1929.0,3600,176400,3600,176400,Y,A,not_mandatory,200,200
56,0.10800919999999792,0.03124079699999993,0.08171260000000302,0.014503734000000046,order3267.0,-14400,158400,-14400,158400,Y,B,not_mandatory,200,200
852,0.06834080000000142,0.020368846999999857,-0.008034999999992465,0.028255951,order735.0,21600,194400,21600,194400,Y,B,not_mandatory,200,200
688,0.009611599999999498,0.018600564999999847,0.07639350000000888,0.056185200000000046,order3682.0,14400,187200,14400,187200,Y,A,not_mandatory,200,200
1366,0.049149499999998625,-0.013265276000000048,-0.046446299999999496,0.015835996999999935,order1533.0,43200,216000,43200,216000,Y,A,not_mandatory,200,200
527,0.10378750000000991,0.009840983999999997,0.08704240000000141,0.05572901699999977,order2187.0,7200,180000,7200,180000,Y,A,not_mandatory,300,300
257,0.010002000000000066,0.023833699999999958,0.1423024000000055,0.01474326799999992,order2573.0,-3600,169200,-3600,169200,Y,A,not_mandatory,300,300
1247,0.049293900000009216,-0.013571967000000074,-0.09689240000001575,-0.04385643500000014,order3257.0,39600,212400,39600,212400,Y,A,not_mandatory,300,300
766,0.029311500000005708,-0.017686300000000266,0.1475395000000077,0.022782351000000034,order1478.0,18000,190800,18000,190800,Y,A,not_mandatory,200,200
547,0.0956733000000014,0.0062145439999998775,0.07787629999999979,0.014295782999999895,order3792.0,10800,183600,10800,183600,Y,A,not_mandatory,300,300
570,0.10165899999999795,0.01392705999999988,0.11477220000000443,0.007146150999999934,order2871.0,10800,183600,10800,183600,Y,A,not_mandatory,200,200
1386,0.01029820000000825,-0.01903319300000006,0.0436442000000028,0.07164989999999993,order3203.0,46800,219600,46800,219600,Y,A,not_mandatory,200,200
166,0.10617150000000208,0.03127394799999994,0.06112670000000264,0.060517637999999874,order3413.0,-7200,165600,-7200,165600,Y,A,not_mandatory,200,200
1423,0.06310919999999953,0.016915784999999905,0.07085999999999615,0.04690881999999985,order914.0,46800,219600,46800,219600,Y,B,not_mandatory,300,300
258,-0.009507900000002678,-0.010468139000000098,0.08266910000000394,0.06618873999999986,order2936.0,-3600,169200,-3600,169200,Y,A,not_mandatory,200,200
1304,-0.029964699999993627,0.03791248299999994,-0.0413856999999922,0.05795773500000001,order300.0,43200,216000,43200,216000,Y,A,not_mandatory,200,200
979,-0.006579599999994912,0.024569587000000004,-0.028713600000003225,0.04322158399999987,order2818.0,28800,201600,28800,201600,Y,A,not_mandatory,300,300
260,0.082345200000006,0.029364525999999946,0.12635199999999713,0.06651856999999994,order2673.0,-3600,169200,-3600,169200,Y,A,not_mandatory,200,200
367,0.07720640000000856,0.033591579999999954,-0.04398499999999217,0.13440926199999992,order1176.0,0,172800,0,172800,Y,A,not_mandatory,300,300
1614,0.10287569999999846,0.00798505099999991,-0.030862499999997794,0.07086408300000002,order3952.0,57600,230400,57600,230400,Y,A,not_mandatory,200,200
520,0.10401360000000182,0.014057200999999964,0.02910620000000108,0.05856539399999994,order877.0,7200,180000,7200,180000,Y,A,not_mandatory,200,200
871,0.047128299999997125,0.03289113899999996,0.00031900000000462114,0.01756973999999989,order210.0,21600,194400,21600,194400,Y,A,not_mandatory,300,300
1236,-0.007287300000001551,-0.026334649000000043,0.09031170000000088,-0.003696252000000122,order1500.0,39600,212400,39600,212400,Y,B,not_mandatory,200,200
625,0.09465720000000033,0.0008590029999999693,0.1435038999999989,0.032697712000000045,order1829.0,10800,183600,10800,183600,Y,A,not_mandatory,300,300
1208,0.08148870000000841,0.014349678999999949,0.15274850000000129,0.025180219000000115,order3616.0,39600,212400,39600,212400,Y,A,not_mandatory,200,200
1666,0.07727700000000937,0.012074079999999876,0.14896770000000004,0.020409233999999943,order2220.0,57600,230400,57600,230400,Y,A,not_mandatory,200,200
597,0.032018300000004274,0.03912400299999996,-0.012991900000002943,0.008662621000000037,order1023.0,10800,183600,10800,183600,Y,A,not_mandatory,300,300
294,0.10715840000000298,0.02130163900000004,0.0667554999999993,0.04661249600000006,order3483.0,-3600,169200,-3600,169200,Y,A,not_mandatory,200,200
998,-0.005734099999997966,0.017508397999999925,-0.01350940000000378,-0.01866327000000001,order1307.0,28800,201600,28800,201600,Y,A,not_mandatory,200,200
43,0.10431049999999686,0.006550676000000033,-0.023973599999990824,0.04581898999999989,order1568.0,-14400,158400,-14400,158400,Y,A,not_mandatory,300,300
84,-0.008731799999992518,0.030945674000000034,0.08362920000000429,0.065942269,order3033.0,-10800,162000,-10800,162000,Y,A,not_mandatory,200,200
1409,0.10719210000000601,0.013083945999999846,0.14094180000000733,0.014400143000000032,order2487.0,46800,219600,46800,219600,Y,B,not_mandatory,300,300
616,0.03018629999999689,-0.01736411400000004,0.03103699999999776,0.016280032000000055,order1718.0,10800,183600,10800,183600,Y,A,not_mandatory,200,200
458,0.03934850000000267,-0.004347737000000018,-0.037786999999994464,0.008400922999999949,order3902.0,3600,176400,3600,176400,Y,A,not_mandatory,200,200
566,0.07941399999999987,0.01242131599999996,-0.030450899999991066,0.068856429,order2384.0,10800,183600,10800,183600,Y,A,not_mandatory,200,200
453,0.024463800000006586,0.005709698999999846,0.12096100000000831,0.019970320999999958,order863.0,3600,176400,3600,176400,Y,A,not_mandatory,300,300
977,0.007476900000000342,0.02328561699999998,0.06142580000000919,0.0015132549999998801,order3609.0,28800,201600,28800,201600,Y,A,not_mandatory,300,300
746,0.005634000000000583,0.02907229,0.09181970000000206,-0.002377051999999935,order2973.0,18000,190800,18000,190800,Y,A,not_mandatory,200,200
279,-0.010327500000002487,-0.020669676000000026,0.1436653000000092,0.016716662999999965,order2183.0,-3600,169200,-3600,169200,Y,A,not_mandatory,300,300
345,-0.004114700000002358,0.02083986999999987,0.14598039999999912,0.07948038999999985,order1110.0,0,172800,0,172800,Y,A,not_mandatory,300,300
107,0.09957180000000676,0.011951198999999857,0.1764372000000094,0.09106528199999994,order1411.0,-10800,162000,-10800,162000,Y,A,not_mandatory,300,300
1390,0.039637600000006046,-0.025831033000000003,0.13585580000000164,0.016189452999999965,order345.0,46800,219600,46800,219600,Y,A,not_mandatory,200,200
826,0.10682760000000258,0.03666142299999997,0.07398910000000569,0.096071676,order525.0,21600,194400,21600,194400,Y,A,not_mandatory,200,200
534,0.034676099999998655,0.002424172000000002,0.03250649999999666,0.07308294300000018,order2448.0,7200,180000,7200,180000,Y,A,not_mandatory,200,200
404,0.007716099999996118,0.011789588999999934,-0.1511469999999946,0.024863770000000063,order1264.0,3600,176400,3600,176400,Y,A,not_mandatory,200,200
537,0.02504760000000772,0.00015220800000004253,0.06493360000000337,0.064377723,order408.0,7200,180000,7200,180000,Y,A,not_mandatory,300,300
680,-0.009690800000001332,0.03128932900000003,-0.03600279999999145,0.0004819229999999397,order1335.0,14400,187200,14400,187200,Y,B,not_mandatory,200,200
209,0.08721909999999866,0.01645118999999995,0.14341310000000362,0.022641396999999897,order324.0,-7200,165600,-7200,165600,Y,A,not_mandatory,300,300
903,0.044080100000002176,-0.020864961000000015,0.0589929000000069,0.0007644460000000297,order2600.0,25200,198000,25200,198000,Y,A,not_mandatory,300,300
736,0.059197100000005776,0.0038265600000000344,0.08251889999999662,0.049831776999999855,order2933.0,18000,190800,18000,190800,Y,A,not_mandatory,200,200
1007,0.08766610000000696,0.013039189999999978,0.032216700000006426,0.055995797999999875,order1224.0,28800,201600,28800,201600,Y,A,not_mandatory,300,300
364,0.10274370000000488,0.004760675999999853,0.03631440000000907,-0.01944469300000007,order46.0,0,172800,0,172800,Y,A,not_mandatory,200,200
1544,-0.005351199999992673,-0.025270888000000102,-0.004273799999992889,0.02680424299999995,order524.0,54000,226800,54000,226800,Y,B,not_mandatory,200,200
416,0.06750870000000475,0.027719002999999853,-0.008238899999994942,0.045610624999999905,order1630.0,3600,176400,3600,176400,Y,B,not_mandatory,200,200
212,0.0521961000000033,0.005064689999999983,-0.01157069999999294,0.02003759599999988,order2607.0,-7200,165600,-7200,165600,Y,A,not_mandatory,200,200
252,0.04614019999999641,-0.0007794190000001144,0.051520199999998795,0.006619973999999917,order50.0,-3600,169200,-3600,169200,Y,A,not_mandatory,200,200
580,-0.03538999999999248,0.03822943400000001,0.03508750000000305,0.05202625800000016,order2406.0,10800,183600,10800,183600,Y,A,not_mandatory,200,200
1473,0.03671810000000164,0.015177822999999924,-0.03891869999999642,0.03911220999999987,order1999.0,50400,223200,50400,223200,Y,B,not_mandatory,300,300
1523,0.09205970000000718,0.007509730999999853,-0.026421499999997877,0.023774774999999915,order3739.0,54000,226800,54000,226800,Y,B,not_mandatory,300,300
1286,0.10721159999999941,0.00502743299999997,0.15731999999999857,0.022386056999999848,order726.0,39600,212400,39600,212400,Y,A,not_mandatory,200,200
11,0.0809420000000074,0.010022849999999917,0.06391680000000122,0.060935275000000066,order1871.0,-14400,158400,-14400,158400,Y,A,not_mandatory,300,300
609,0.007673500000009881,0.011730609000000003,0.15230160000000126,0.020165463999999966,order3720.0,10800,183600,10800,183600,Y,A,not_mandatory,300,300
1657,0.0443429999999978,0.036234190999999916,0.13635390000000314,0.07478843599999996,order1785.0,57600,230400,57600,230400,Y,A,not_mandatory,300,300
748,0.04837009999998543,0.012858196999999905,-0.12773640000000341,0.02795626200000001,order1.0,18000,190800,18000,190800,Y,A,not_mandatory,200,200
987,0.049127200000000926,0.003817898999999958,0.005054900000018847,0.02192479599999997,order3771.0,28800,201600,28800,201600,Y,B,not_mandatory,300,300
1299,-0.0011210999999917703,0.009649064999999846,0.03646410000000344,0.015324180999999992,order3344.0,43200,216000,43200,216000,Y,B,not_mandatory,300,300
700,0.04230770000000916,-0.020874660000000045,0.15492260000000613,0.020101822999999852,order480.0,14400,187200,14400,187200,Y,A,not_mandatory,200,200
1280,0.015563900000003628,0.037146920999999944,0.025209599999996612,0.1407152869999999,order2177.0,39600,212400,39600,212400,Y,A,not_mandatory,200,200
1458,0.10038010000000952,0.010334971999999887,0.08828820000000803,0.06200045799999998,order225.0,50400,223200,50400,223200,Y,B,not_mandatory,200,200
1470,0.019715300000001434,-0.0027793099999999793,0.11175219999999797,0.008662120999999967,order372.0,50400,223200,50400,223200,Y,A,not_mandatory,200,200
1495,0.04782570000000419,0.026331875999999976,0.08340379999999925,0.025417784999999915,order1393.0,50400,223200,50400,223200,Y,B,not_mandatory,300,300
1249,0.09182649999999626,0.011676523999999855,0.11773530000000676,0.005098955000000016,order1756.0,39600,212400,39600,212400,Y,A,not_mandatory,300,300
478,0.006346300000004135,-0.01303562299999994,0.0789402999999993,0.057472701999999876,order1385.0,7200,180000,7200,180000,Y,B,not_mandatory,200,200
788,0.07225139999999897,0.0301770309999998,0.03477449999999749,0.01151480699999996,order3939.0,18000,190800,18000,190800,Y,B,not_mandatory,200,200
1344,0.04266619999999932,-0.026055755999999874,0.05590130000000215,-0.010649169999999986,order3681.0,43200,216000,43200,216000,Y,B,not_mandatory,200,200
1577,0.11065100000000427,0.01356948999999985,0.03165040000000374,0.07861977999999992,order28.0,54000,226800,54000,226800,Y,B,not_mandatory,300,300
1331,-0.005697400000002517,-0.02593169400000006,-0.04714909999999861,0.0706875509999998,order484.0,43200,216000,43200,216000,Y,A,not_mandatory,300,300
576,-0.03555509999999629,0.008126065999999987,0.1485868000000039,0.032071124000000006,order1491.0,10800,183600,10800,183600,Y,A,not_mandatory,200,200
1585,0.026687500000008413,0.018066267999999885,0.1694384000000042,0.061636951999999745,order286.0,54000,226800,54000,226800,Y,A,not_mandatory,300,300
226,0.09563200000000904,0.0033406229999999315,0.01032730000000015,0.027773070000000066,order3326.0,-7200,165600,-7200,165600,Y,A,not_mandatory,200,200
155,0.059114899999997306,0.011601674999999867,0.07632230000000106,0.033575935,order2889.0,-7200,165600,-7200,165600,Y,A,not_mandatory,300,300
556,-0.005541199999996138,0.02998373200000004,0.0237101000000024,0.14131500899999994,order264.0,10800,183600,10800,183600,Y,A,not_mandatory,200,200
329,0.006783800000008,0.000441606999999955,-0.027855500000001143,0.08823731300000004,order966.0,0,172800,0,172800,Y,B,not_mandatory,300,300
1174,0.10666679999999928,0.007380006999999855,0.051593699999997966,0.01802199399999993,order3830.0,36000,208800,36000,208800,Y,A,not_mandatory,200,200
584,0.07893470000000491,0.013159290999999795,0.11994939999999588,0.008370740999999793,order2461.0,10800,183600,10800,183600,Y,A,not_mandatory,200,200
513,0.08079480000000672,0.01263175400000005,0.039943600000000856,0.026892069999999935,order3359.0,7200,180000,7200,180000,Y,A,not_mandatory,300,300
930,0.028533100000004197,-0.0032738110000001264,0.07639760000000706,0.05778376800000018,order3888.0,25200,198000,25200,198000,Y,B,not_mandatory,200,200
933,0.10469539999999711,0.009454078999999949,-0.05019240000001446,0.10115928899999993,order3946.0,25200,198000,25200,198000,Y,A,not_mandatory,300,300
205,-0.012664499999999634,0.03533036899999997,0.0569336000000078,-0.0038428059999999764,order904.0,-7200,165600,-7200,165600,Y,A,not_mandatory,300,300
72,0.10300890000000607,0.009049984999999872,-0.0023932999999942695,-0.006255861999999945,order44.0,-14400,158400,-14400,158400,Y,A,not_mandatory,200,200
167,0.052139199999999164,0.005167818999999962,0.06469540000000507,0.06686979599999998,order2007.0,-7200,165600,-7200,165600,Y,B,not_mandatory,300,300
619,0.10127119999999934,0.010183912000000017,0.1812050000000056,0.08831677599999987,order2737.0,10800,183600,10800,183600,Y,A,not_mandatory,300,300
1090,-0.03094600000000014,0.019169017000000066,0.15680550000000437,0.039775651999999884,order504.0,32400,205200,32400,205200,Y,A,not_mandatory,200,200
548,0.0784735000000012,0.012326175999999966,0.07918829999999843,0.04882531600000006,order816.0,10800,183600,10800,183600,Y,A,not_mandatory,200,200
1207,0.10991640000000302,0.03842084599999995,0.007293799999999351,0.14328151899999986,order1826.0,39600,212400,39600,212400,Y,A,not_mandatory,300,300
530,-0.010492499999998017,0.03506940900000011,0.03652929999999799,0.04251669899999988,order3463.0,7200,180000,7200,180000,Y,A,not_mandatory,200,200
1557,0.05226590000000897,0.006838212999999982,-0.07746109999999362,0.04008703899999988,order1652.0,54000,226800,54000,226800,Y,A,not_mandatory,300,300
369,0.03310020000000691,-0.015586842000000045,0.03308140000000037,0.07988590399999995,order3838.0,0,172800,0,172800,Y,A,not_mandatory,300,300
959,0.08487209999999834,0.03243218099999989,0.0671040000000005,0.058172531999999944,order333.0,28800,201600,28800,201600,Y,A,not_mandatory,300,300
1622,0.042016200000006165,-0.005329718000000039,0.08290720000000817,0.014494723999999959,order1451.0,57600,230400,57600,230400,Y,A,not_mandatory,200,200
45,0.11319550000000334,0.00880997799999994,0.03087960000000578,-0.006171951000000009,order2418.0,-14400,158400,-14400,158400,Y,A,not_mandatory,300,300
1467,0.10621779999999603,0.018698369999999853,0.08329040000000987,0.03928521399999996,order1804.0,50400,223200,50400,223200,Y,A,not_mandatory,300,300
989,0.04778579999999977,-0.0198800090000002,0.04769830000000752,0.0553132719999998,order1721.0,28800,201600,28800,201600,Y,B,not_mandatory,300,300
69,0.11221729999999752,0.008160087000000038,-6.689999999309748e-05,0.017248710000000056,order795.0,-14400,158400,-14400,158400,Y,A,not_mandatory,300,300
8,0.08722690000000455,0.014301176999999887,0.04705359999999814,0.019086369999999908,order2872.0,-14400,158400,-14400,158400,Y,A,not_mandatory,200,200
432,0.1010590999999863,0.012006622999999994,0.007644900000002508,0.03667693599999988,order3592.0,3600,176400,3600,176400,Y,A,not_mandatory,200,200
696,0.06368070000000614,0.02254782199999994,0.07278370000000223,0.09587436699999974,order1553.0,14400,187200,14400,187200,Y,A,not_mandatory,200,200
328,0.04896770000000572,-0.013870615999999947,0.07301220000000797,0.010831146999999985,order941.0,0,172800,0,172800,Y,A,not_mandatory,200,200
1188,-0.028809999999992897,0.034890013999999914,-0.03550799999999299,0.005573553999999925,order3977.0,36000,208800,36000,208800,Y,A,not_mandatory,200,200
951,0.0387766000000056,-0.057529603999999956,0.10318840000000762,0.06192420199999993,order3250.0,25200,198000,25200,198000,Y,A,not_mandatory,300,300
1518,-0.011857300000002624,-0.019106983999999994,0.030719200000007163,0.05369896399999985,order2966.0,50400,223200,50400,223200,Y,A,not_mandatory,200,200
387,-0.008490699999995854,0.01832890499999995,0.08127079999999864,0.007465186999999984,order464.0,0,172800,0,172800,Y,A,not_mandatory,300,300
326,0.10876350000000912,0.011420753999999977,-0.02443850000000225,0.01157808299999985,order920.0,0,172800,0,172800,Y,A,not_mandatory,200,200
1667,0.020053000000004317,0.029904114000000037,0.11825699999999983,0.023253726999999946,order3748.0,57600,230400,57600,230400,Y,A,not_mandatory,300,300
55,0.04519140000000732,-0.016044469999999977,0.025354399999997668,0.1413200619999999,order2868.0,-14400,158400,-14400,158400,Y,A,not_mandatory,300,300
690,0.09315229999999985,0.008850789999999886,-0.04622369999999876,0.09768095899999985,order2137.0,14400,187200,14400,187200,Y,A,not_mandatory,200,200
1592,0.10290000000000532,0.01015721699999994,-0.007808900000000563,0.022955206000000006,order2761.0,54000,226800,54000,226800,Y,A,not_mandatory,200,200
450,0.0795248000000015,0.01201272699999989,0.07629509999999584,0.012144359999999965,order2024.0,3600,176400,3600,176400,Y,A,not_mandatory,200,200
1137,0.02564290000000824,0.025842680000000007,0.05226740000001939,0.005849210000000049,order3566.0,36000,208800,36000,208800,Y,A,not_mandatory,300,300
1634,0.0784351000000072,0.011855396999999934,0.12880090000000166,0.07084980499999993,order2567.0,57600,230400,57600,230400,Y,A,not_mandatory,200,200
106,0.04219340000000216,-0.020331210000000155,0.02971780000000024,0.07522678300000019,order3841.0,-10800,162000,-10800,162000,Y,A,not_mandatory,200,200
1640,0.04548119999999756,-0.019372115999999995,-0.012559400000000664,0.017825569999999846,order3180.0,57600,230400,57600,230400,Y,B,not_mandatory,200,200
197,-0.005521500000000401,0.025372260999999785,0.09240330000000085,0.09291333699999993,order2693.0,-7200,165600,-7200,165600,Y,A,not_mandatory,300,300
1014,0.04071670000000438,0.020739011999999946,0.05438460000000589,0.009088895999999957,order2097.0,28800,201600,28800,201600,Y,A,not_mandatory,200,200
1379,0.07902029999999627,0.012378014999999909,0.0023005999999980986,0.13649705600000006,order215.0,46800,219600,46800,219600,Y,A,not_mandatory,300,300
311,0.08675329999999803,0.014217026999999938,0.07906160000000284,0.06665407400000012,order3139.0,-3600,169200,-3600,169200,Y,A,not_mandatory,300,300
132,-0.006498499999992191,0.02330109299999994,0.008492400000008615,0.02665421000000001,order212.0,-10800,162000,-10800,162000,Y,B,not_mandatory,200,200
1211,-0.010818999999997914,-0.021766208000000065,0.07928780000000302,0.03217190399999992,order1030.0,39600,212400,39600,212400,Y,A,not_mandatory,300,300
1333,0.042643100000006484,0.02358999099999992,0.10985960000000716,0.021969362999999964,order2705.0,43200,216000,43200,216000,Y,B,not_mandatory,300,300
1142,-0.01358229999999594,0.010527656999999913,0.10717130000000452,0.017761433999999854,order3646.0,36000,208800,36000,208800,Y,A,not_mandatory,200,200
683,0.09954290000000299,0.013650873999999869,0.03764540000000238,-0.007481410000000022,order3012.0,14400,187200,14400,187200,Y,A,not_mandatory,300,300
1351,0.045437100000000896,-0.052554502,0.0297105000000073,0.05445100300000005,order2292.0,43200,216000,43200,216000,Y,A,not_mandatory,300,300
248,0.044128100000008885,-0.01683750900000014,0.004916600000001381,0.024660439000000034,order3686.0,-3600,169200,-3600,169200,Y,B,not_mandatory,200,200
705,0.04407109999999648,-0.022422929000000202,-0.04747899999999561,0.068411094,order530.0,14400,187200,14400,187200,Y,A,not_mandatory,300,300
1576,0.03309360000000083,-0.016452769000000034,-0.04358659999999759,0.023353621999999907,order3213.0,54000,226800,54000,226800,Y,A,not_mandatory,200,200
16,-0.011785500000002003,0.006848819999999867,-0.043421799999990185,0.11588710300000016,order1116.0,-14400,158400,-14400,158400,Y,A,not_mandatory,200,200
388,0.01411290000000065,-0.03227045100000003,-0.0770014999999944,0.023588785000000057,order444.0,0,172800,0,172800,Y,B,not_mandatory,200,200
1393,0.006573099999997112,0.028244899999999795,0.03106950000000097,0.07351298000000006,order2389.0,46800,219600,46800,219600,Y,B,not_mandatory,300,300
949,0.08142329999999731,0.032607290000000066,0.09502009999998506,0.007740502999999954,order2185.0,25200,198000,25200,198000,Y,A,not_mandatory,300,300
1101,0.0075499000000007754,0.03042170600000005,0.10646830000000307,0.008231286000000004,order626.0,32400,205200,32400,205200,Y,B,not_mandatory,300,300
423,-0.033534700000004136,0.0329465069999999,0.14614540000000886,0.02982449499999995,order298.0,3600,176400,3600,176400,Y,A,not_mandatory,300,300
1017,0.08632540000000688,0.015518777000000039,0.04684559999999749,-0.049719792000000096,order1455.0,28800,201600,28800,201600,Y,A,not_mandatory,300,300
607,0.009838400000006686,0.016554777999999937,0.07210519999999576,0.09831681199999975,order1085.0,10800,183600,10800,183600,Y,B,not_mandatory,300,300
264,-0.03211770000000058,0.035261847999999985,0.08987260000000674,0.06848715199999988,order1453.0,-3600,169200,-3600,169200,Y,A,not_mandatory,200,200
636,0.04742960000000096,-0.012734660000000009,0.10399909999999579,0.009236083000000006,order1895.0,14400,187200,14400,187200,Y,A,not_mandatory,200,200
731,0.041242300000007504,-0.0020307349999999502,0.10851449999999829,0.013843665999999866,order1828.0,18000,190800,18000,190800,Y,A,not_mandatory,300,300
1062,0.04126200000000324,-0.026574955000000067,0.1009817000000055,0.02376143399999986,order54.0,32400,205200,32400,205200,Y,A,not_mandatory,200,200
895,0.057332099999996444,0.009542087000000032,0.08012009999998781,0.032436144999999916,order3072.0,25200,198000,25200,198000,Y,B,not_mandatory,300,300
1427,0.005189400000006117,0.03792815400000005,0.027497500000009722,-0.010624509999999976,order1047.0,46800,219600,46800,219600,Y,A,not_mandatory,300,300
261,0.07901700000000744,0.012761201,0.10268800000000056,0.11454580400000003,order722.0,-3600,169200,-3600,169200,Y,A,not_mandatory,300,300
272,0.08168679999999995,0.012815107999999853,0.13862480000000232,0.01777195999999992,order1399.0,-3600,169200,-3600,169200,Y,A,not_mandatory,200,200
775,-0.02384630000000243,-0.013347879999999979,0.03326239999999814,0.07614106300000012,order3405.0,18000,190800,18000,190800,Y,B,not_mandatory,300,300
1261,0.10788100000000611,0.012624680999999915,0.06537310000000218,0.049069215999999916,order3567.0,39600,212400,39600,212400,Y,A,not_mandatory,300,300
1196,0.04844479999999862,-0.01709726300000014,0.1644079000000005,0.059296980000000055,order3753.0,36000,208800,36000,208800,Y,A,not_mandatory,200,200
1490,0.07072999999999752,0.029412486999999876,0.003821400000006747,0.023355542999999868,order1813.0,50400,223200,50400,223200,Y,A,not_mandatory,200,200
638,0.023171400000009612,0.023006678000000003,0.07162759999999935,0.05521630099999997,order2489.0,14400,187200,14400,187200,Y,B,not_mandatory,200,200
195,0.01978270000000748,0.026275534000000045,0.14685479999999984,0.022528123000000067,order1648.0,-7200,165600,-7200,165600,Y,A,not_mandatory,300,300
1255,-0.03548089999999604,0.01803800699999991,0.1068743000000012,0.02570630599999979,order3382.0,39600,212400,39600,212400,Y,A,not_mandatory,300,300
1022,-0.009315399999991314,0.015791150999999948,0.06553929999999752,0.0835771569999999,order694.0,28800,201600,28800,201600,Y,A,not_mandatory,200,200
1308,0.10727099999999723,0.0047767530000000225,0.06350510000000043,0.08692268099999989,order362.0,43200,216000,43200,216000,Y,B,not_mandatory,200,200
1509,0.10737910000000284,0.009630443000000044,-0.008902899999995384,-0.021238548999999995,order579.0,50400,223200,50400,223200,Y,A,not_mandatory,300,300
1457,0.10644990000000121,0.03501585699999987,0.05583800000000849,-0.003733417000000072,order109.0,50400,223200,50400,223200,Y,A,not_mandatory,300,300
12,0.010456300000001306,0.02289433799999996,0.044166799999999284,0.051269785999999984,order1708.0,-14400,158400,-14400,158400,Y,A,not_mandatory,200,200
189,0.04210310000000561,0.022737812999999996,0.04473420000000772,-0.022345446999999963,order536.0,-7200,165600,-7200,165600,Y,A,not_mandatory,300,300
244,0.0063633000000038464,0.023386337000000035,-0.09550570000000391,0.03176572700000002,order2711.0,-3600,169200,-3600,169200,Y,A,not_mandatory,200,200
1087,0.02476090000000397,0.014362484999999925,0.10653860000000748,0.01764218999999989,order959.0,32400,205200,32400,205200,Y,A,not_mandatory,300,300
595,-0.010509200000001329,0.031313378999999975,-0.0443872999999968,0.017087706999999952,order847.0,10800,183600,10800,183600,Y,B,not_mandatory,300,300
1133,-0.02061189999999158,-0.004608634,0.08474859999999751,0.04827984800000018,order3280.0,36000,208800,36000,208800,Y,A,not_mandatory,300,300
250,0.09953649999999925,0.0059115180000000045,0.08339879999999766,0.013203633000000048,order2620.0,-3600,169200,-3600,169200,Y,A,not_mandatory,200,200
1360,0.05131529999999884,0.0010899629999998606,0.15199400000000196,0.027167632999999913,order2748.0,43200,216000,43200,216000,Y,A,not_mandatory,200,200
832,-0.008434499999992795,0.020911824999999995,0.03715420000000336,0.08025917999999987,order672.0,21600,194400,21600,194400,Y,A,not_mandatory,200,200
1567,-0.00806169999999895,0.015400265000000024,0.03613839999999868,-0.023653091000000126,order1219.0,54000,226800,54000,226800,Y,A,not_mandatory,300,300
119,-0.019376199999996402,-0.014899412000000112,0.06899769999999705,0.05805938799999999,order2520.0,-10800,162000,-10800,162000,Y,A,not_mandatory,300,300
113,-0.03438939999999491,0.024019945999999903,-0.03211369999999647,0.06117438999999991,order2815.0,-10800,162000,-10800,162000,Y,A,not_mandatory,300,300
868,0.004467800000000466,0.02214013299999995,0.06512229999999875,0.05901625399999988,order1308.0,21600,194400,21600,194400,Y,B,not_mandatory,200,200
1168,0.00921920000000398,0.027534822000000014,0.03363540000000853,0.05995554000000003,order1476.0,36000,208800,36000,208800,Y,A,not_mandatory,200,200
